[{
    "path": "actions/users.go",
    "contains": [
      "func (v UsersResource) List(c buffalo.Context) error {",
      "func (v UsersResource) Destroy(c buffalo.Context) error {",
      "type UsersResource struct {"
    ]
  },
  {
    "path": "actions/app.go",
    "contains": [
      "app.Resource(\"/users\", UsersResource{})"
    ]
  },
  {
    "path": "actions/users_test.go",
    "contains": [
      "func (as *ActionSuite) Test_UsersResource_List",
      "func (as *ActionSuite) Test_UsersResource_Show",
      "func (as *ActionSuite) Test_UsersResource_Create"
    ]
  }
]
