[{
    "path": "mailers/mailers.go",
    "contains": [
      "github.com/gobuffalo/buffalo/mail",
      "smtp, err = mail.NewSMTPSender(host, port, user, password)"
    ],
    "!contains": [
      "github.com/gobuffalo/x/mail"
    ]
  },
  {
    "path": "templates/mail/layout.plush.html",
    "contains": [
      "<h1>templates/mailers/layout.plush.html</h1>"
    ]
  },
  {
    "path": "mailers/welcome_email.go",
    "contains": [
      "err := m.AddBody(r.HTML(\"welcome_email.html\"), render.Data{})"
    ]
  },
  {
    "path": "templates/mail/welcome_email.plush.html",
    "contains": [
      "<h2>Welcome Email</h2>",
      "<h3>../templates/mail/welcome_email.plush.html</h3>"
    ]
  }
]
