[{
    "path": "actions/cars.go",
    "contains": [
      "func (v CarsResource) List(c buffalo.Context) error {",
      "func (v CarsResource) Destroy(c buffalo.Context) error {",
      "type CarsResource struct {"
    ]
  },
  {
    "path": "actions/app.go",
    "contains": [
      "app.Resource(\"/cars\", CarsResource{})"
    ]
  },
  {
    "path": "actions/cars_test.go",
    "contains": [
      "func (as *ActionSuite) Test_CarsResource_List",
      "func (as *ActionSuite) Test_CarsResource_Show",
      "func (as *ActionSuite) Test_CarsResource_Create"
    ]
  }
]
