[{
    "path": "actions/admin_planes.go",
    "contains": [
      "type AdminPlanesResource struct",
      "func (v AdminPlanesResource)",
      "tx.Find(plane, c.Param(\"admin_plane_id\"))"
    ]
  },
  {
    "path": "actions/admin_planes_test.go",
    "contains": [
      "package actions",
      "Test_AdminPlanesResource_List"
    ]
  },
  {
    "path": "locales/admin/planes.en-us.yaml",
    "contains": [
      "translation: \"Plane was successfully created.\""
    ]
  },
  {
    "path": "templates/admin/planes/_form.plush.html",
    "contains": [
      "<button class=\"btn btn-success\" role=\"submit\">Save</button>"
    ]
  },
  {
    "path": "templates/admin/planes/index.plush.html",
    "contains": [
      "newAdminPlanesPath()"
    ]
  },
  {
    "path": "templates/admin/planes/show.plush.html",
    "contains": [
      "editAdminPlanePath({ admin_plane_id: plane.ID })"
    ]
  }
]
