[{
    "path": "actions/admin_users.go",
    "contains": [
      "type AdminUsersResource struct",
      "func (v AdminUsersResource)"
    ]
  },
  {
    "path": "actions/admin_users_test.go",
    "contains": [
      "package actions",
      "Test_AdminUsersResource_List"
    ]
  },
  {
    "path": "locales/admin/users.en-us.yaml",
    "contains": [
      "translation: \"AdminUser was successfully created.\""
    ]
  },
  {
    "path": "templates/admin/users/_form.plush.html",
    "contains": [
      "<button class=\"btn btn-success\" role=\"submit\">Save</button>"
    ]
  },
  {
    "path": "models/admin_user.go",
    "contains": [
      "type AdminUser struct"
    ]
  }

]
