[{
  "path": "actions/auth.go",
  "contains": [
    "github.com/markbates/goth/providers/facebook",
    "github.com/markbates/goth/providers/twitter",
    "github.com/markbates/goth/providers/linkedin",
    "github.com/markbates/goth/providers/github",
    "FACEBOOK_KEY",
    "FACEBOOK_SECRET",
    "TWITTER_KEY",
    "TWITTER_SECRET",
    "GITHUB_KEY",
    "GITHUB_SECRET",
    "LINKEDIN_KEY",
    "LINKEDIN_SECRET"
  ],
  "!contains": [
    "app := App().Group(\"/auth\")",
    "github.com/markbates/goth/providers/yammer",
    "buffalo.WrapHandlerFunc(gothic.BeginAuthHandler)"
  ]
}, {
  "path": "actions/app.go",
  "contains": [
    "auth := app.Group(\"/auth\")",
    "auth.GET(\"/{provider}\", buffalo.WrapHandlerFunc(gothic.BeginAuthHandler))",
    "auth.GET(\"/{provider}/callback\", AuthCallback)"
  ]
}]
